<?xml version="1.0" encoding="UTF-8"?>
			<entries>
				
					<entry id="1"
							url="http://www.d-ross.org/index.cfm?objectid=9C65EDD7-508B-E116-6FD2BBB7B9AE701C"
							guid="9C65EDD7-508B-E116-6FD2BBB7B9AE701C"							
							channelID="1"
							channelName="David Ross"
							authored_by=""
							authored_on="{ts '2004-05-28 02:19:31'}"
							retrieved_on="{ts '2005-09-26 15:54:55'}">
							<title><![CDATA[Using Apache FOP and Mach-II To Generate PDFs.]]></title>
							<body><![CDATA[Many CF'ers are anxiously awaiting "Blackstone", which is rumored to incorporate a tag that will dynamically generate docum...]]></body>
					</entry>
							
				
					<entry id="2"
							url="http://www.d-ross.org/index.cfm?objectid=9C65EF0F-508B-E116-6F851C474448E08B"
							guid="9C65EF0F-508B-E116-6F851C474448E08B"							
							channelID="1"
							channelName="David Ross"
							authored_by=""
							authored_on="{ts '2004-05-21 08:11:46'}"
							retrieved_on="{ts '2005-09-26 15:54:55'}">
							<title><![CDATA[Changing (novell) passwords over LDAP w/ CFMX]]></title>
							<body><![CDATA[If you are in an environment that uses Novell Directory services, you may have enabled some of your web apps to perform authentication against the novell user accounts, typically using the CFLDAP tag. This works great, and it's a great way to incorpora...]]></body>
					</entry>
							
				
					<entry id="3"
							url="http://www.d-ross.org/index.cfm?objectid=2F7E61E3-508B-E116-6FEEA8A4472AAA73"
							guid="2F7E61E3-508B-E116-6FEEA8A4472AAA73"							
							channelID="1"
							channelName="David Ross"
							authored_by=""
							authored_on="{ts '2004-08-05 10:20:23'}"
							retrieved_on="{ts '2005-09-26 15:54:55'}">
							<title><![CDATA[3 new methods for CFMX Xindice wrapper]]></title>
							<body><![CDATA[Rich Ziade asked "How difficult is it to wrap some additional methods like deleting documents from a particular collection or copying/moving docs from one collection to another?", in my ...]]></body>
					</entry>
							
				
					<entry id="4"
							url="http://www.d-ross.org/index.cfm?objectid=9C65EEF0-508B-E116-6F30CA79F5BFDE07"
							guid="9C65EEF0-508B-E116-6F30CA79F5BFDE07"							
							channelID="1"
							channelName="David Ross"
							authored_by=""
							authored_on="{ts '2004-11-22 08:36:07'}"
							retrieved_on="{ts '2005-09-26 15:54:55'}">
							<title><![CDATA[more LDAP : Active Directory nested groups]]></title>
							<body><![CDATA[Long story short, a client wants to be able to use the nested groups in their Active Directory (AD from now on) in integrating with my favorite CMS, Farcry. Nested groups are a feature available ...]]></body>
					</entry>
							
				
					<entry id="5"
							url="http://www.d-ross.org/index.cfm?objectid=2473B999-A380-2CA6-181EBFA1BEAE1893"
							guid="2473B999-A380-2CA6-181EBFA1BEAE1893"							
							channelID="1"
							channelName="David Ross"
							authored_by=""
							authored_on="{ts '2004-12-30 08:52:04'}"
							retrieved_on="{ts '2005-09-26 15:54:55'}">
							<title><![CDATA[FCKEditor 2.0 RC2]]></title>
							<body><![CDATA[is now my RTE for comments. I was on a 1.x version but I wanted to upgrade so I could have gecko support. 
I have to say that FCK and TinyMCE are probably the 2 nicest free RTEs out there, with FCK having more features and TinyMCE being more li...]]></body>
					</entry>
							
				
					<entry id="6"
							url="http://www.d-ross.org/index.cfm?objectid=9B613730-508B-E116-6F6AA9A01593BE0D"
							guid="9B613730-508B-E116-6F6AA9A01593BE0D"							
							channelID="1"
							channelName="David Ross"
							authored_by=""
							authored_on="{ts '2004-09-09 02:56:32'}"
							retrieved_on="{ts '2005-09-26 15:54:55'}">
							<title><![CDATA[You know what I love about Farcry...]]></title>
							<body><![CDATA[It took maybe 3 hours total (I've now added emailing and a RTE) to incorporate a "comments" interface to the out-of-the-box "news" content type.
Then today I realized that it would be cool to have comments on just plain old html pages like ...]]></body>
					</entry>
							
				
					<entry id="7"
							url="http://www.d-ross.org/index.cfm?objectid=9C65ECAE-508B-E116-6FB2B7188113FBE2"
							guid="9C65ECAE-508B-E116-6FB2B7188113FBE2"							
							channelID="1"
							channelName="David Ross"
							authored_by=""
							authored_on="{ts '2004-07-08 10:25:34'}"
							retrieved_on="{ts '2005-09-26 15:54:55'}">
							<title><![CDATA[gmail contest - who can sort a query in the least amount of cfmx code:]]></title>
							<body><![CDATA[top 2 responses get gmail accounts.
only has to work on queries generated by &lt;CFQUERY&gt;, does not have work with queryNew() queries.
only has to sort by one column, ascending or descending.</LI...]]></body>
					</entry>
							
				
					<entry id="8"
							url="http://www.d-ross.org/index.cfm?objectid=D7692636-508B-E116-6F0BC2777ED5EC8D"
							guid="D7692636-508B-E116-6F0BC2777ED5EC8D"							
							channelID="1"
							channelName="David Ross"
							authored_by=""
							authored_on="{ts '2004-08-05 09:42:09'}"
							retrieved_on="{ts '2005-09-26 15:54:55'}">
							<title><![CDATA[Xindice, CFMX, JRun]]></title>
							<body><![CDATA[Xindice is an free open source implementation of a pure XML database. Xindice provides a mechanism to store, query, and update collections of XML documents. Knowing whether you n...]]></body>
					</entry>
							
				
					<entry id="9"
							url="http://www.d-ross.org/index.cfm?objectid=E816BB3B-DE62-5C54-E870811EC803B40E"
							guid="E816BB3B-DE62-5C54-E870811EC803B40E"							
							channelID="1"
							channelName="David Ross"
							authored_by=""
							authored_on="{ts '2005-07-05 00:49:54'}"
							retrieved_on="{ts '2005-09-26 15:54:55'}">
							<title><![CDATA[Mach-ii 1.1.0]]></title>
							<body><![CDATA[I didn't see this mentioned in any of the regular CF-blogs, and with CFUNITED last week (which I unfortunately couldn't attend) some may have missed this announcement. Ben Edwards posted the following on the Mach-ii list:
...]]></body>
					</entry>
							
				
					<entry id="10"
							url="http://www.d-ross.org/index.cfm?objectid=9C65EF4E-508B-E116-6F26B12CF7424994"
							guid="9C65EF4E-508B-E116-6F26B12CF7424994"							
							channelID="1"
							channelName="David Ross"
							authored_by=""
							authored_on="{ts '2004-01-13 03:42:33'}"
							retrieved_on="{ts '2005-09-26 15:54:55'}">
							<title><![CDATA[CFC Modeling]]></title>
							<body><![CDATA[I posted about this on the mach-ii forums... anyways
I did some work on generating CFCs fro...]]></body>
					</entry>
							
				
					<entry id="11"
							url="http://www.d-ross.org/index.cfm?objectid=0CEFA43A-508B-E116-6F845F2E21831773"
							guid="0CEFA43A-508B-E116-6F845F2E21831773"							
							channelID="1"
							channelName="David Ross"
							authored_by=""
							authored_on="{ts '2004-09-17 10:13:23'}"
							retrieved_on="{ts '2005-09-26 15:54:55'}">
							<title><![CDATA[I am so proud...]]></title>
							<body><![CDATA[I feel like my complaining on various blogs may have actually contributed to this. Central was dead in the water with the original licensing res...]]></body>
					</entry>
							
				
					<entry id="12"
							url="http://www.d-ross.org/index.cfm?objectid=0942656D-508B-E116-6FDCCBABB1DAB286"
							guid="0942656D-508B-E116-6FDCCBABB1DAB286"							
							channelID="1"
							channelName="David Ross"
							authored_by=""
							authored_on="{ts '2004-09-16 05:13:57'}"
							retrieved_on="{ts '2005-09-26 15:54:55'}">
							<title><![CDATA[Flash video + german enginneering =]]></title>
							<body><![CDATA[some damn cool sounds coming through your speakers. More and more I see impressive uses of flash video. I haven't played around with it much myself, but plan to in the near future.
...]]></body>
					</entry>
							
				
					<entry id="13"
							url="http://www.d-ross.org/index.cfm?objectid=B89B1D8A-508B-E116-6F9268DD4530C81D"
							guid="B89B1D8A-508B-E116-6F9268DD4530C81D"							
							channelID="1"
							channelName="David Ross"
							authored_by=""
							authored_on="{ts '2004-07-13 08:34:46'}"
							retrieved_on="{ts '2005-09-26 15:54:55'}">
							<title><![CDATA[This blog has moved]]></title>
							<body><![CDATA[So, I have my moved my blog over to Farcry CMS, and a new domain. Hopefully everyone's browser, newsreader is following the redirects from ...]]></body>
					</entry>
							
				
					<entry id="14"
							url="http://www.d-ross.org/index.cfm?objectid=1134E9AD-E702-E8C0-248B1BE14DE338FF"
							guid="1134E9AD-E702-E8C0-248B1BE14DE338FF"							
							channelID="1"
							channelName="David Ross"
							authored_by=""
							authored_on="{ts '2005-02-14 08:36:52'}"
							retrieved_on="{ts '2005-09-26 15:54:55'}">
							<title><![CDATA["feedviewer" coldspring sample-app updated]]></title>
							<body><![CDATA[I've made a quick update to the coldspring pre-alpha release, mainly focused on the sample app. Some expressed disappointment that the app used Mach-ii as a contr...]]></body>
					</entry>
							
				
					<entry id="15"
							url="http://www.d-ross.org/index.cfm?objectid=FC8DAEED-C42D-68E1-02436365798F60DA"
							guid="FC8DAEED-C42D-68E1-02436365798F60DA"							
							channelID="1"
							channelName="David Ross"
							authored_by=""
							authored_on="{ts '2005-05-20 08:19:15'}"
							retrieved_on="{ts '2005-09-26 15:54:55'}">
							<title><![CDATA[It lives!]]></title>
							<body><![CDATA[Well, after a nice hiatus due to a bad array controller, I found a new home for this blog. It's chugging nicely along on the latest version of farcry.

I expect to post a bunch of stuff on Coldspring, service-oriented development w/ CF, CF  Java inte...]]></body>
					</entry>
							
				
					<entry id="16"
							url="http://www.d-ross.org/index.cfm?objectid=F7D09312-A7F9-DF09-3E8E59AC861E3651"
							guid="F7D09312-A7F9-DF09-3E8E59AC861E3651"							
							channelID="1"
							channelName="David Ross"
							authored_by=""
							authored_on="{ts '2005-02-09 10:07:45'}"
							retrieved_on="{ts '2005-09-26 15:54:55'}">
							<title><![CDATA["coldspring" on cfopen.org w/ pre-alpha release]]></title>
							<body><![CDATA[I started a project on cfopen.org called "coldspring" to organize the work I've done thus-far with the previously mentioned spring-like CFC container. This morning I added a very pre-alpha release:
...]]></body>
					</entry>
							
				
					<entry id="17"
							url="http://www.d-ross.org/index.cfm?objectid=9C65EEB2-508B-E116-6F470B133A1F555E"
							guid="9C65EEB2-508B-E116-6F470B133A1F555E"							
							channelID="1"
							channelName="David Ross"
							authored_by=""
							authored_on="{ts '2004-05-25 06:28:07'}"
							retrieved_on="{ts '2005-09-26 15:54:55'}">
							<title><![CDATA[Frameworks, Methodologies]]></title>
							<body><![CDATA[Craig commented (on a post of mine from a while ago):
<SPAN style="F...]]></body>
					</entry>
							
				
					<entry id="18"
							url="http://www.d-ross.org/index.cfm?objectid=38FEA7E5-DD1B-1576-61E567A5873B61C3"
							guid="38FEA7E5-DD1B-1576-61E567A5873B61C3"							
							channelID="1"
							channelName="David Ross"
							authored_by=""
							authored_on="{ts '2005-09-09 11:07:53'}"
							retrieved_on="{ts '2005-09-26 15:54:55'}">
							<title><![CDATA[Chris Scott on using ClassPathResource to configure apps]]></title>
							<body><![CDATA[Please welcome Chris Scott to the blogging world. Chris's first post was something I was actually going to post about myself: configuring mach-ii apps. However, when Chris started working...]]></body>
					</entry>
							
				
					<entry id="19"
							url="http://www.d-ross.org/index.cfm?objectid=1A687650-9F5E-01FD-E2554CF5AAAC97EF"
							guid="1A687650-9F5E-01FD-E2554CF5AAAC97EF"							
							channelID="1"
							channelName="David Ross"
							authored_by=""
							authored_on="{ts '2004-12-30 08:46:47'}"
							retrieved_on="{ts '2005-09-26 15:54:55'}">
							<title><![CDATA[coldfusion *inside* java]]></title>
							<body><![CDATA[Most people know by now that CF offers very tight java integration... it's rather rare that I have to write a wrapper class in java that is callable by CF (usually only java classes with lots of overloaded methods pose difficulty).
To make a lo...]]></body>
					</entry>
							
				
					<entry id="20"
							url="http://www.d-ross.org/index.cfm?objectid=AB0CAF8A-CAF5-BF9E-6E9577E8CB2B59EA"
							guid="AB0CAF8A-CAF5-BF9E-6E9577E8CB2B59EA"							
							channelID="1"
							channelName="David Ross"
							authored_by=""
							authored_on="{ts '2005-08-12 09:38:40'}"
							retrieved_on="{ts '2005-09-26 15:54:55'}">
							<title><![CDATA[FishEye rocks!]]></title>
							<body><![CDATA[For those of you responsible for a version control system, you often need a quick and dirty way to look at commits, diffs, changelogs, etc. Typically, in the past, ViewCVS has been the workhorse to get the job done. However, not only is ViewCVS's UI in...]]></body>
					</entry>
							
				
					<entry id="21"
							url="http://www.d-ross.org/index.cfm?objectid=3C6ED6A0-508B-E116-6FED638040F58B83"
							guid="3C6ED6A0-508B-E116-6FED638040F58B83"							
							channelID="1"
							channelName="David Ross"
							authored_by=""
							authored_on="{ts '2004-12-27 00:00:02'}"
							retrieved_on="{ts '2005-09-26 15:54:55'}">
							<title><![CDATA[Reading bitmaps out of a database]]></title>
							<body><![CDATA[After having a very frustrating time extracting images out of a database (specifically bitmaps), I figured I'd document it to save someone else the time.
This is something that I thought would take five minutes and turned into an hour, due to s...]]></body>
					</entry>
							
				
					<entry id="22"
							url="http://www.d-ross.org/index.cfm?objectid=07805165-508B-E116-6FC813D1EF6D764E"
							guid="07805165-508B-E116-6FC813D1EF6D764E"							
							channelID="1"
							channelName="David Ross"
							authored_by=""
							authored_on="{ts '2004-09-16 05:05:37'}"
							retrieved_on="{ts '2005-09-26 15:54:55'}">
							<title><![CDATA[dbXml 2.0]]></title>
							<body><![CDATA[Thanks to Chris for pointing this out in an older post. dbXml, a project that branched into the Apache Xindice project, has been re-released a...]]></body>
					</entry>
							
				
					<entry id="23"
							url="http://www.d-ross.org/index.cfm?objectid=6E4FCF97-508B-E116-6FEB7A23A3D0E56C"
							guid="6E4FCF97-508B-E116-6FEB7A23A3D0E56C"							
							channelID="1"
							channelName="David Ross"
							authored_by=""
							authored_on="{ts '2004-08-17 05:39:47'}"
							retrieved_on="{ts '2005-09-26 15:54:55'}">
							<title><![CDATA[My Next Project]]></title>
							<body><![CDATA[I've always been interested in home automation, however I never had a home to try it out on. Now that I do, I want to use a web server on my home network to control various tasks. The first target is the result of a friday night (if you consider 4...]]></body>
					</entry>
							
				
					<entry id="24"
							url="http://www.d-ross.org/index.cfm?objectid=BB56A2D4-F2EA-5E2E-C8B13A6A60A57C1F"
							guid="BB56A2D4-F2EA-5E2E-C8B13A6A60A57C1F"							
							channelID="1"
							channelName="David Ross"
							authored_by=""
							authored_on="{ts '2005-08-17 08:20:26'}"
							retrieved_on="{ts '2005-09-26 15:54:55'}">
							<title><![CDATA[Coldspring @ Fusebox/Frameworks Conference]]></title>
							<body><![CDATA[A few people have asked me if I would present some information on the ColdSpring framework at the forthcoming Fusebox/Frameworks conference. Unfortunately, the schedule for speakers is booked solid (I enquired far too late). So what I need to know from yo...]]></body>
					</entry>
							
				
					<entry id="25"
							url="http://www.d-ross.org/index.cfm?objectid=15F9D578-F588-541B-74A4F6EC6FD10187"
							guid="15F9D578-F588-541B-74A4F6EC6FD10187"							
							channelID="1"
							channelName="David Ross"
							authored_by=""
							authored_on="{ts '2004-12-27 04:34:15'}"
							retrieved_on="{ts '2005-09-26 15:54:55'}">
							<title><![CDATA[back up (kinda)]]></title>
							<body><![CDATA[long story short... disk array on the (old) server went bad. I'm living temporarily on a different box until some new hardware comes in (should be &lt; 2 weeks).
I just *barely* was able to recover, as I lost data in both my live tran...]]></body>
					</entry>
							
				
					<entry id="26"
							url="http://www.d-ross.org/index.cfm?objectid=9C65ECCD-508B-E116-6FDBA112B5AC5072"
							guid="9C65ECCD-508B-E116-6FDBA112B5AC5072"							
							channelID="1"
							channelName="David Ross"
							authored_by=""
							authored_on="{ts '2004-06-25 10:35:58'}"
							retrieved_on="{ts '2005-09-26 15:54:55'}">
							<title><![CDATA[Type validation when passing java objects to CFFUNCTION]]></title>
							<body><![CDATA[I've come across many situations where I would like to pass an instance of a java class to a cffunction. In order for CF to let the argument through, you must specify type="any" or leave the type attribute out. It's unfortunate that CF cannot...]]></body>
					</entry>
							
				
					<entry id="27"
							url="http://www.d-ross.org/index.cfm?objectid=720FD4EE-B84A-789D-DD321C15839EAE54"
							guid="720FD4EE-B84A-789D-DD321C15839EAE54"							
							channelID="1"
							channelName="David Ross"
							authored_by=""
							authored_on="{ts '2005-08-01 07:54:11'}"
							retrieved_on="{ts '2005-09-26 15:54:55'}">
							<title><![CDATA[ColdSpring docs teaser]]></title>
							<body><![CDATA[Believe it or not, I actually am working on documentation for the ColdSpring framework. I have a nice intro and comprehensive syntax reference complete, but I'm adding more "Developing with ColdSpring" sections to round things out. One of those section...]]></body>
					</entry>
							
				
					<entry id="28"
							url="http://www.d-ross.org/index.cfm?objectid=9C65ED5A-508B-E116-6F4F7F38C6AE167C"
							guid="9C65ED5A-508B-E116-6F4F7F38C6AE167C"							
							channelID="1"
							channelName="David Ross"
							authored_by=""
							authored_on="{ts '2004-06-21 06:58:37'}"
							retrieved_on="{ts '2005-09-26 15:54:55'}">
							<title><![CDATA[Generating Excel spreadsheets from CFMX]]></title>
							<body><![CDATA[On Ben Forta's blog, many have been asking for "Blackstone" (next version of CFMX) to be able to export data to .xls format. Over the past few years, there ...]]></body>
					</entry>
							
				
					<entry id="29"
							url="http://www.d-ross.org/index.cfm?objectid=1604C3FE-A064-4689-26E270B6472CE5B0"
							guid="1604C3FE-A064-4689-26E270B6472CE5B0"							
							channelID="1"
							channelName="David Ross"
							authored_by=""
							authored_on="{ts '2004-12-27 04:35:22'}"
							retrieved_on="{ts '2005-09-26 15:54:55'}">
							<title><![CDATA[Coldfusion and Inversion of Control]]></title>
							<body><![CDATA[I've been working with a large open-source java application lately that uses several interesting technologies, namely Hibernate (object-relational mapper), Java Server Faces (ui framework/toolkit), and Spring. The app doesn't use all of Spring's functi...]]></body>
					</entry>
							
				
					<entry id="30"
							url="http://www.d-ross.org/index.cfm?objectid=1310C900-E806-1E15-E9AB205E344E7379"
							guid="1310C900-E806-1E15-E9AB205E344E7379"							
							channelID="1"
							channelName="David Ross"
							authored_by=""
							authored_on="{ts '2005-07-13 09:33:48'}"
							retrieved_on="{ts '2005-09-26 15:54:55'}">
							<title><![CDATA[New Hardware: HP tc4200]]></title>
							<body><![CDATA[I handwrote this blog post. I am such a geek, but still... it's &lt;cartman&gt;soooo cool&lt;/cartman&gt;.
Unlike other tablets, this ones fast... it's actually the fastest machine I've ever owned.
Here are the specs:
2.0gh...]]></body>
					</entry>
							
				
					<entry id="31"
							url="http://www.d-ross.org/index.cfm?objectid=11C6D578-FFA3-8B2F-82DBD76620B1B4DE"
							guid="11C6D578-FFA3-8B2F-82DBD76620B1B4DE"							
							channelID="1"
							channelName="David Ross"
							authored_by=""
							authored_on="{ts '2005-07-13 03:03:08'}"
							retrieved_on="{ts '2005-09-26 15:54:55'}">
							<title><![CDATA[New Guide: Mach-II Multi-step forms]]></title>
							<body><![CDATA[I posted a little guide/tutorial on using multi-step forms with Mach-ii. This can be difficult for developers who have beans that are complex enough to require several distinct form steps, but are given headaches by trying...]]></body>
					</entry>
							
				
					<entry id="32"
							url="http://www.d-ross.org/index.cfm?objectid=9C65ECEC-508B-E116-6F8A9F878188D7CA"
							guid="9C65ECEC-508B-E116-6F8A9F878188D7CA"							
							channelID="1"
							channelName="David Ross"
							authored_by=""
							authored_on="{ts '2005-01-05 00:23:11'}"
							retrieved_on="{ts '2005-09-26 15:54:55'}">
							<title><![CDATA[Busy ColdFusion Developers' Guide to HSSF Features]]></title>
							<body><![CDATA[JMR broke our comments, they're fixed now (he gets 200+ spams a day, I get 1 a month). Anyways, I mentioned that I would translate the ...]]></body>
					</entry>
							
				
					<entry id="33"
							url="http://www.d-ross.org/index.cfm?objectid=49AE2EAE-9362-9132-BBA91D627B8DF6E0"
							guid="49AE2EAE-9362-9132-BBA91D627B8DF6E0"							
							channelID="1"
							channelName="David Ross"
							authored_by=""
							authored_on="{ts '2005-02-02 04:12:32'}"
							retrieved_on="{ts '2005-09-26 15:54:55'}">
							<title><![CDATA[How much should a DAO know?]]></title>
							<body><![CDATA[This is basically just a repost of a comment I posted on Joe Rinehart's post on cohesion/DAOs:
<DIV class=b...]]></body>
					</entry>
							
				
					<entry id="34"
							url="http://www.d-ross.org/index.cfm?objectid=3EC454A5-BF53-31AD-545208D96826FC9A"
							guid="3EC454A5-BF53-31AD-545208D96826FC9A"							
							channelID="1"
							channelName="David Ross"
							authored_by=""
							authored_on="{ts '2005-07-22 09:02:21'}"
							retrieved_on="{ts '2005-09-26 15:54:55'}">
							<title><![CDATA[YAHWP (Yet Another Help Wanted Post)]]></title>
							<body><![CDATA[Seems there's been a lot of interest in finding contractors with experience building OO CFC-based applications (including experience w/ Mach-ii and/or Model Glue). Well, I'm in the same boat... but my pitch may be a bit different:
If you have e...]]></body>
					</entry>
							
				
					<entry id="35"
							url="http://www.d-ross.org/index.cfm?objectid=9C65ED79-508B-E116-6F81AF8F75FB40AD"
							guid="9C65ED79-508B-E116-6F81AF8F75FB40AD"							
							channelID="1"
							channelName="David Ross"
							authored_by=""
							authored_on="{ts '2004-07-30 00:56:45'}"
							retrieved_on="{ts '2005-09-26 15:54:55'}">
							<title><![CDATA[Asynchronous searching w/ JLDAP]]></title>
							<body><![CDATA["CL" recently asked if I could show an example of searching a directory using JLDAP to return member attributes. It's pretty straightforward, although getting the results out of the ...]]></body>
					</entry>
							
				
					<entry id="36"
							url="http://www.d-ross.org/index.cfm?objectid=9C65EF7D-508B-E116-6F16DE9D75F02CDF"
							guid="9C65EF7D-508B-E116-6F16DE9D75F02CDF"							
							channelID="1"
							channelName="David Ross"
							authored_by=""
							authored_on="{ts '2003-12-30 08:51:14'}"
							retrieved_on="{ts '2005-09-26 15:54:55'}">
							<title><![CDATA[Framework load testing comparison]]></title>
							<body><![CDATA[I set up this blog this morning because it's something I've been meaning to 
do... and since I wanted a place to post the results of some load tests I did 
comparing a few cold fusion development frameworks. This stems from Ike's 
execution times comp...]]></body>
					</entry>
							
				
					<entry id="37"
							url="http://cdscott.blogspot.com/2005/09/coldspring-aop-and-fuseboxframeworks.html"
							guid="tag:blogger.com,1999:blog-16515669.post-112774884561668314"							
							channelID="2"
							channelName="Chris Scott"
							authored_by="Chris Scott"
							authored_on="{ts '2005-09-26 10:21:00'}"
							retrieved_on="{ts '2005-09-26 15:55:00'}">
							<title><![CDATA[ColdSpring, AOP and the Fusebox/Frameworks Conference]]></title>
							<body><![CDATA[<div xmlns="http://www.w3.org/1999/xhtml">This weekend was one of those crazy weekends that your eyes and wrists hurt and the end of. On top of the kids waking up at all hours so I'm not even getting any sleep, I wrote just a ridiculous amount of code, and now I'm just staring at the work I'm supposed to be doing for my day job like it's in Russian or something. But it was super worth it, because I've got some big news for everyone. First off, for a while now I've been using Dave Ross's ColdSpring CFC container in a big project I'm working on, which kind of lead me to work on ColdSpring. A lot of work was done this weekend merging code with the current version, and that was honestly an exiting experience. I've never before worked with another developer who I see completely eye to eye with, it made me think a bit about pair programming / xp, if it actually is useful. Anybody who has any experience it, please share your experiences, I'd love to hear about it. Anyway, working on ColdSpring kind of lead me into doing a whole lot of work another big side project.<br/>
<br/>While talking with Dave about the types of things that can be brought into ColdSpring, I started thinking heavily about how the aop framework is used in Spring for Java, and the type of stuff we could build into ColdSpring if we had an aop (Aspect Oriented Programming) layer. So after a hell of a lot of thinking and completely unintelligible chicken scratch notes left around the house, driving my wife nuts when I want to know what happened to the menu with all the little boxes drawn on the back of it, I am very pleased to tell you that I have a functional aop framework to be released in the very near future, hopefully at the Frameworks Conference. I'm not going to go into great detail about what aop is and how it's used right now, I have some real tutorials coming. But I will be going to the Fusebox/Frameworks conference with Dave, where I guess we'll make the official announcement. I have some great examples that I've been bustin my butt to put together, maybe I should have started an example app before this past saturday? I'm looking forward to showing these at a BOF session at the conference, so look for Dave and me there!</div>]]></body>
					</entry>
							
				
					<entry id="38"
							url="http://cdscott.blogspot.com/2005/09/using-log4j-in-coldfusion.html"
							guid="tag:blogger.com,1999:blog-16515669.post-112731020408720226"							
							channelID="2"
							channelName="Chris Scott"
							authored_by="Chris Scott"
							authored_on="{ts '2005-09-21 08:28:00'}"
							retrieved_on="{ts '2005-09-26 15:55:00'}">
							<title><![CDATA[Using log4j in ColdFusion]]></title>
							<body><![CDATA[<div>I went to an interview last Thursday and in the course of it the lead developer and I (my job had apparently been filled!) got into a two hour discussion about caching cfcs with oscache, working with coldspring, aop, and using log4j in coldfusion. Although the interview part didn?t lead to much, I did leave thinking about a lot of cool things, especially pressing being incorporating log4j into a side project that I?m getting pretty heavily involved in. I?ve worked with log4j in java, and it?s super simple, very fast, easy to configure, and I?ve been thinking of using it in cf, but basically haven?t tried. Although I think cflog is just a wrapper around log4j anyway, by using it directly you gain the benefit of setting the max size of the log file created, along with configuration of backup files, the level of logging to output (debug, info, warn, error, fatal), and formatting of the messages. Also, most importantly, it?s really easy to turn on and off, and since log4j is built to be extremely fast the cost of log statements in your code is marginal. So if I?ve peeked you interest, here?s a little rundown of how to get log4j running, with some extra links at the end of the post, including a link to an excellent tutorial on ColdFusion Developer?s Journal, which to be honest, much of this is a paraphrasing anyhow. So on to the code?<br /><br />The first thing to know is ColdFusion comes with an older version of log4j which uses the now depreciated concept of categories, now known as loggers, but for simplicity?s sake, these are the same thing. An instance of one of these represents a logging space which you are free to name and configure at will. It?s advisable to use package naming conventions with loggers, sorry categories, as this is the norm in java. Also worth noting is that loggers are hierarchical, meaning that a logger named ?myco.foo? inherits configuration properties from the logger ?myco?, if it exists. You perform logging through one of the printing methods debug, info, warn, error, fatal. These are directly related to the standard logging levels DEBUG < INFO < WARN < ERROR < FATAL, meaning the level is ascending. A logging method is considered enabled if it is equal to or grater that the current logging level. So if the logging level is set to WARN, myLogger.error(?Uh oh, big problem occurred?), will output to your log file, but myLogger.info(?ran method x()?) will not. The last 2 components to logging are patterns, which I?m going to completely skip, and just give you the logging pattern that you?re pretty much gonna use anyway, and appenders, which you output your logging to. Appenders can be a console, file, a socket server, JMS, NT Event Log, and the Unix System Log, you can start to see the incredible flexibility here. All that?s left is to create a config file and start logging!<br /><br />I like to use a properties file, the format I mentioned when discussing classloaders, but you can also use an xml file. Here?s a sample properties file called logger.properties:<br /><br /><font color="#ffff33"># create a category called myco.foo, set it?s level to INFO, and set the appender to myAppen (you can name this anything, but keep it simple)<br />log4j.category.myco.foo=INFO, myAppen<br /># myAppen is set to be a FileAppender. <br />log4j.appender.myAppen =org.apache.log4j.RollingFileAppender<br />log4j.appender.myAppen.File=/usr/local/cf7/htdocs/sampleApp/logs/sample.log<br /># we?ll use a standard layout<br />log4j.appender.myAppen.layout=org.apache.log4j.PatternLayout<br />log4j.appender.myAppen.layout.ConversionPattern=%-4r [%t] %-5p %c - %m%n<br /># and set the filesize limit and backup file<br />log4j.appender.myAppen.MaxFileSize=100KB<br />log4j.appender.myAppen.MaxBackupIndex=1</font><br /><br />Now to get log4j running you just need to load this config file. The best place for this is probably in Application.cfm, as apposed to somewhere buried in your code. One thing to note, though. Once log4j is configured, it?s going to be running until you?re cf server/instance is restarted, so if you want to stop logging, you?ll need to remove the configuration code and restart cf. So here?s my Application.cfc:<br /><br /><font color="#ffff33">&lt;cfscript&gt;<br />&nbsp; &nbsp;if (NOT IsDefined("application.loggerInit")) {<br />&nbsp; &nbsp; &nbsp; &nbsp;configurator = CreateObject("java", "org.apache.log4j.PropertyConfigurator");<br />configurator.configure('/usr/local/cf7/htdocs/sampleApp/logs/logger.properties');<br />&nbsp; &nbsp; &nbsp; &nbsp;application.loggerInit = true;<br />&nbsp; &nbsp;}<br />&lt;/cfscript&gt;</font><br /><br />Just a few things to note. I?m checking to see if if I?ve already initialized log4j, I created a ?logs? inside my sampleApps app folder, which contains my logger.properties config file and the samle.log file which will be created, and I?m using absolute path names in Application.cfm and in my config file. You could work around this, but? So now, you?re ready to begin logging! Let?s log a cfc being created. First I?ll retrieve the logger I created from an org.apache.log4j.Category instance and store it so other methods can use it, then use the ?info? method to do the logging:<br /><br /><font color="#ffff33">&lt;cfcomponent name="myCFC"><br />&nbsp; &nbsp;&lt;cffunction name="init" returntype="myCFC"><br />&nbsp; &nbsp; &nbsp; &nbsp;&lt;cfset var category = CreateObject("java", "org.apache.log4j.Category") /><br />&nbsp; &nbsp; &nbsp; &nbsp;&lt;cfset variables.logger = category.getInstance('myco.foo') /><br />&nbsp; &nbsp; &nbsp; &nbsp;&lt;cfset variables.logger.info('myCfc created") /><br />&nbsp; &nbsp; &nbsp; &nbsp;&lt;cfreturn this />  <br />&nbsp; &nbsp;&lt;/cffunction><br />&lt;/cfcomponent></font><br /><br />And that?s all there is to it! Sorry about the length of the post, hopefully it?s not too much to consume, but has given you some ideas to get rolling. Happy logging!<br /><br />introduction to log4j: <a href="http://logging.apache.org/log4j/docs/manual.html" target="new">http://logging.apache.org/log4j/docs/manual.html</a><br />log4j PatternLayout Class: <a href="http://logging.apache.org/log4j/docs/api/org/apache/log4j/PatternLayout.html" target="new">http://logging.apache.org/log4j/docs/api/org/apache/log4j/PatternLayout.html</a><br />ColdFusion Developer's Journal article on log4j: <a href="http://cfdj.sys-con.com/read/42122.htm" target="new">http://cfdj.sys-con.com/read/42122.htm</a></div>]]></body>
					</entry>
							
				
					<entry id="39"
							url="http://cdscott.blogspot.com/2005/09/replicating-javas-objecttostring.html"
							guid="tag:blogger.com,1999:blog-16515669.post-112689135201635706"							
							channelID="2"
							channelName="Chris Scott"
							authored_by="Chris Scott"
							authored_on="{ts '2005-09-16 12:13:00'}"
							retrieved_on="{ts '2005-09-26 15:55:00'}">
							<title><![CDATA[Replicating Java?s Object.toString() method in CF]]></title>
							<body><![CDATA[<div>Here?s a little trick that may come in handy sooner or later. It?s something I desperately needed today, and was getting frustrated without it. In java if you call toString() on an object it returns the class name and the hex of its memory address. It?s quite handy for debugging things like making sure you're working with a singleton or a new object. But you can?t call toString() on a cfc. So here?s how you can get the same output in cf: <br /><br /><font color="#ffff33">&lt;cfset myObject = CreateObject('component','com.myco.MyObject') /&gt;<br />&lt;cfset system = CreateObject('java','java.lang.System') /&gt;<br />&lt;cfset objString = getMetaData(myObject).name & "@"& FormatBaseN(system.identityHashCode(myObject), 16) /&gt;<br /><br />&lt;cfdump var="#objString#" /&gt;</font><br /><br />This will output something along the lines of 'com.myco.MyObject@fe029d42'. Just for a little teaser of what?s to come, I really wanted this for logging the creation of new cfcs with log4j. A little tutorial on using log4j with coldfusion is coming next?</div>]]></body>
					</entry>
							
				
					<entry id="40"
							url="http://cdscott.blogspot.com/2005/09/ill-make-first-one-good-one.html"
							guid="tag:blogger.com,1999:blog-16515669.post-112622852721027340"							
							channelID="2"
							channelName="Chris Scott"
							authored_by="Chris Scott"
							authored_on="{ts '2005-09-08 20:06:00'}"
							retrieved_on="{ts '2005-09-26 15:55:00'}">
							<title><![CDATA[I?ll make the first one a good one!]]></title>
							<body><![CDATA[<div>I said I would write some cool stuff about ColdFusion, right? Well how about I make my first post a good one. I'm currently working with Dave Ross on a really cool project that does some interesting things concerning Mach-ii properties and external configuration files (more on that later). I?m a big mac guy, Dave?s not, so we got into an issue with filepaths, and I suggested maybe loading the config file from the classpath, since the file was really external to the application anyway.<br /><br />So after I remembered that I was working in coldfusion instead of java, I came up with a cool solution, with ended up using a bit of java. A little backround info is needed to understand how this is done. Whenever you write a cfc or cfm file (or udf), cf compiles the code into a type of java class file, which is basically a normal java object. Since it is a java object you can actually use methods from the base java objects, Object and Class When you run your app, that class is loaded into the jvm that coldfusion is using through a ClassLoader, which you can obtain from the cfc, through base java objects. Before I get too far, here?s a simple example of calling a method from a cfc?s base java objects to show the type of object it is:<br /><br /><font color="#ffff33">&lt;cfcomponent name="test2.cfc"&gt;<br />&nbsp; &nbsp;&lt;cffunction name="dumpStuff" access="public" returntype="any"&gt;<br />&nbsp; &nbsp; &nbsp; &nbsp;&lt;cfdump var="#getClass().getName()#" /&gt;<br />&nbsp; &nbsp;&lt;/cffunction&gt;<br />&lt;/cfcomponent&gt;</font><br /><br />Kind of cool, because getClass() is a method of java?s Object class and getName() is from the Class (that?s its name) that it returns. So going back loading files, Class has a method getClassLoader() which will return the ClassLoader I mentioned that was used to load that object into the JVM. Why do you want this? Well a ClassLoader can be used to load more that just classes, and the cool thing is it searches through a classpath to find what it?s looking for, which is configured from outside of your application, through CFAdministrator, or Jrun Admin, or through Tomcat, or a .profile file or whatever. And that makes it a very portable way to load things!<br /><br />Ok, I have a feeling your still wondering why you would want to do this.  Remember how I said that Dave was loading things into Mach-ii properties from a config file? Well here?s how and then maybe a little why later. This relies on another Java class, java.util.Properties, that reads a plain text file as key/value pairs and loads them into a similar construct as a cf struct, and even though this sounds like a lot of work, it?s surprisingly easy. We?ll do this in a plugin and have it happen as soon as the app starts up, so first a properties file, I?ll call it ?myprops.properties?, it looks like this:<br /><br /><font color="#ffff33">datasource=mydsn<br />mailserver=127.0.0.1<br />serveradmin=admin@mydomain.com</font><br /><br />Now the plugin, with some comments:<br /><br /><font color="#ffff33">&lt;cfcomponent extends="MachII.framework.plugin"&gt;<br /><br />&lt;cffunction name="configure"&gt;<br /><br />&nbsp; &nbsp;&lt;!--- Java Properties object ---&gt;<br />&nbsp; &nbsp;&lt;cfset var props = createObject("java","java.util.Properties")/&gt;<br />&nbsp; &nbsp;&lt;cfset var propNames = 0/&gt;<br />&nbsp; &nbsp;&lt;cfset var prop = 0 /&gt;<br />&nbsp; &nbsp;&lt;cfset var p = 0 /&gt;<br /><br />&nbsp; &nbsp;&lt;!--- You would probably want this set elsewhere! ---&gt;<br />&nbsp; &nbsp;&lt;cfset var propFileName = ?myprops.properties ? /&gt;<br />&nbsp; &nbsp;&lt;cfset var classPathResource = 0 /&gt;<br /><br />&nbsp; &nbsp;&lt;!--- here we?ll use use a method of ClassLoader to open an InputStream on the property file and tell the Properties object to load it ---&gt;<br /><br />&nbsp; &nbsp;&lt;cfset classPathResource = getClass().getClassLoader().getResourceAsStream(propFileName)/&gt;<br /><br />&nbsp; &nbsp;&lt;cfset props.load(classPathResource)/&gt;<br /><br />&nbsp; &nbsp;&lt;!--- now we just use methods from the Properties object to read the values and put them in the Mach-ii property manager using the  key names ---&gt;<br /><br />&nbsp; &nbsp;&lt;cfset propNames = props.keySet().toArray()/&gt;<br /><br />&nbsp; &nbsp;&lt;cfloop from="1" to="#arraylen(propNames)#" index="p"&gt;<br />&nbsp; &nbsp; &nbsp; &nbsp;&lt;cfset prop = propNames[p] /&gt;<br />&nbsp; &nbsp; &nbsp; &nbsp;&lt;cfset setProperty(prop,props.get(prop))/&gt;<br />&nbsp; &nbsp;&lt;/cfloop&gt;<br /><br />&lt;/cffunction&gt;<br /><br />&lt;/cfcomponent&gt;</font><br /><br />Since this happens as soon as the plugin is loaded, you have those properties available at application startup, and you now have application properties that are configurable from outside of the Mach-ii conf file! Cool, huh? More stuff to come soon?</div>]]></body>
					</entry>
							
				
					<entry id="41"
							url="http://cdscott.blogspot.com/2005/09/testing-123.html"
							guid="tag:blogger.com,1999:blog-16515669.post-112620349789629898"							
							channelID="2"
							channelName="Chris Scott"
							authored_by="Chris Scott"
							authored_on="{ts '2005-09-08 04:13:00'}"
							retrieved_on="{ts '2005-09-26 15:55:00'}">
							<title><![CDATA[Testing 1,2,3...]]></title>
							<body><![CDATA[<div xmlns="http://www.w3.org/1999/xhtml">Is this thing on? I just flew in from Philly and boy are my arms tired! No really, but... <br/>
<br/>I've got a lot of things to tell you but I'm running short on time. I promise to write a whole lot about Cold Fusion, Java, and Flash, and probably some senseless information about raisin my kids, driving my bike, and I don't know, brewing beer or something. Check back, you'll see...</div>]]></body>
					</entry>
							
				
			</entries>
		
